1725148800000,0.41960000,0.42030000,0.41740000,0.41740000,907495.10000000,1725152399999,380127.28088000,4438,462211.50000000,193563.53779000,0
1725152400000,0.41740000,0.41830000,0.41460000,0.41480000,690609.50000000,1725155999999,287673.07704000,4800,297109.00000000,123768.12310000,0
1725156000000,0.41480000,0.41520000,0.41060000,0.41520000,2528437.30000000,1725159599999,1043931.88787000,11965,1113691.30000000,459966.12275000,0
1725159600000,0.41520000,0.41640000,0.41390000,0.41480000,1446942.70000000,1725163199999,600494.77814000,5423,687541.10000000,285400.22518000,0
1725163200000,0.41480000,0.41490000,0.41220000,0.41300000,1329295.80000000,1725166799999,549497.72125000,4570,487810.80000000,201629.88485000,0
1725166800000,0.41290000,0.41330000,0.40570000,0.40640000,3552171.60000000,1725170399999,1452999.61345000,14188,1340199.90000000,548390.96165000,0
1725170400000,0.40650000,0.40980000,0.40590000,0.40900000,3306304.70000000,1725173999999,1351143.95770000,7869,1277569.10000000,521945.63420000,0
1725174000000,0.40910000,0.41070000,0.40760000,0.41060000,2377124.40000000,1725177599999,972181.52912000,8298,1013695.00000000,414532.83416000,0
1725177600000,0.41070000,0.41110000,0.40910000,0.41030000,2168158.40000000,1725181199999,889017.19424000,7695,1085173.60000000,444964.96734000,0
1725181200000,0.41030000,0.41220000,0.40910000,0.41050000,1551086.40000000,1725184799999,636942.17056000,7286,790914.10000000,324926.49707000,0
1725184800000,0.41040000,0.41070000,0.40770000,0.40900000,2159717.30000000,1725188399999,883503.28176000,8723,1013444.60000000,414559.52965000,0
1725188400000,0.40900000,0.41290000,0.40830000,0.41270000,2201033.40000000,1725191999999,903529.75561000,7551,1107551.00000000,454671.71074000,0
1725192000000,0.41260000,0.41350000,0.40900000,0.40930000,1180158.00000000,1725195599999,485297.09153000,6521,600531.20000000,247056.56580000,0
1725195600000,0.40930000,0.41080000,0.40500000,0.40770000,2856898.50000000,1725199199999,1164403.40984000,12337,1323620.40000000,539613.43818000,0
1725199200000,0.40760000,0.40900000,0.40140000,0.40690000,6031927.80000000,1725202799999,2440762.80727000,21686,3031356.80000000,1226605.55397000,0
1725202800000,0.40680000,0.41200000,0.40610000,0.41080000,2346057.30000000,1725206399999,959930.15817000,12227,1109366.10000000,454148.75282000,0
1725206400000,0.41080000,0.41240000,0.40720000,0.40800000,2718492.80000000,1725209999999,1114462.29826000,12232,1362821.30000000,558539.49395000,0
1725210000000,0.40800000,0.40920000,0.40440000,0.40580000,1946901.10000000,1725213599999,790261.14013000,7033,838554.50000000,340446.04046000,0
1725213600000,0.40570000,0.41200000,0.40550000,0.41060000,2647188.60000000,1725217199999,1084786.59692000,9984,1410379.00000000,577850.84823000,0
1725217200000,0.41070000,0.41360000,0.41030000,0.41330000,2377737.80000000,1725220799999,979423.60319000,6194,1434097.00000000,590598.15945000,0
1725220800000,0.41320000,0.41620000,0.41180000,0.41230000,2293206.50000000,1725224399999,950567.52440000,5979,1128557.00000000,467683.11808000,0
1725224400000,0.41230000,0.41270000,0.40800000,0.41050000,1438748.30000000,1725227999999,590428.97807000,4574,630900.20000000,259017.58170000,0
1725228000000,0.41050000,0.41080000,0.39670000,0.39810000,5570511.20000000,1725231599999,2238379.43187000,21974,2452380.50000000,986725.75398000,0
1725231600000,0.39810000,0.40320000,0.39740000,0.40230000,2390067.20000000,1725235199999,957102.91217000,10318,1197168.50000000,479493.61935000,0
1725235200000,0.40220000,0.40610000,0.40120000,0.40510000,2279794.70000000,1725238799999,920181.60347000,7448,1128900.30000000,455654.17925000,0
1725238800000,0.40520000,0.40710000,0.40350000,0.40460000,1427020.80000000,1725242399999,578570.68517000,6000,777352.50000000,315168.66295000,0
1725242400000,0.40460000,0.40740000,0.40420000,0.40510000,2054120.90000000,1725245999999,833158.51980000,5391,887661.40000000,360035.44698000,0
1725246000000,0.40500000,0.40900000,0.40490000,0.40720000,1914135.90000000,1725249599999,779764.17494000,6033,1073688.90000000,437236.66608000,0
1725249600000,0.40730000,0.40830000,0.40050000,0.40060000,3173924.90000000,1725253199999,1282715.61824000,9099,1746272.90000000,705612.75003000,0
1725253200000,0.40060000,0.40810000,0.40050000,0.40670000,3510225.50000000,1725256799999,1419340.05457000,9798,2035312.40000000,822359.21300000,0
1725256800000,0.40670000,0.40830000,0.40550000,0.40710000,1875438.10000000,1725260399999,763155.05871000,6638,913054.80000000,371394.03455000,0
1725260400000,0.40710000,0.40780000,0.40020000,0.40150000,3872607.50000000,1725263999999,1559563.79366000,10461,2027877.90000000,816553.37756000,0
1725264000000,0.40150000,0.40600000,0.40060000,0.40320000,7926728.90000000,1725267599999,3198408.46105000,36620,4363954.40000000,1761342.98368000,0
1725267600000,0.40320000,0.40500000,0.39870000,0.40390000,7778167.70000000,1725271199999,3120247.66999000,37529,4136567.90000000,1659198.64534000,0
1725271200000,0.40380000,0.40930000,0.40220000,0.40700000,7139201.70000000,1725274799999,2892692.54455000,30075,4016110.40000000,1626981.12877000,0
1725274800000,0.40690000,0.40870000,0.40510000,0.40560000,2634945.70000000,1725278399999,1072186.28552000,16297,1401991.00000000,570543.86032000,0
1725278400000,0.40560000,0.40610000,0.40020000,0.40220000,4831172.80000000,1725281999999,1946697.37435000,14221,3156304.90000000,1271375.81739000,0
1725282000000,0.40220000,0.40290000,0.39820000,0.40000000,4705174.70000000,1725285599999,1884607.98633000,16382,2668449.50000000,1068829.86283000,0
1725285600000,0.40010000,0.40380000,0.39560000,0.40170000,8199108.40000000,1725289199999,3274791.78272000,34253,3939233.90000000,1573144.53448000,0
1725289200000,0.40170000,0.40450000,0.39950000,0.40340000,4159939.40000000,1725292799999,1673341.80594000,17949,2086881.10000000,839523.78578000,0
1725292800000,0.40330000,0.40480000,0.40160000,0.40300000,1991532.40000000,1725296399999,802612.28198000,14405,951143.90000000,383368.25812000,0
1725296400000,0.40290000,0.40720000,0.40290000,0.40690000,2147383.70000000,1725299999999,869723.35182000,15432,1079609.60000000,437086.85727000,0
1725300000000,0.40690000,0.40910000,0.40510000,0.40710000,2007659.20000000,1725303599999,817529.31521000,10434,1032514.30000000,420378.23774000,0
1725303600000,0.40690000,0.40760000,0.40530000,0.40660000,898458.30000000,1725307199999,365380.49720000,7234,472626.80000000,192228.48581000,0
1725307200000,0.40670000,0.41500000,0.40580000,0.41300000,3411147.60000000,1725310799999,1401101.46003000,18309,1813372.70000000,744583.60594000,0
1725310800000,0.41310000,0.41450000,0.40950000,0.41160000,2552267.10000000,1725314399999,1051463.18948000,12040,1277294.70000000,526126.78980000,0
1725314400000,0.41160000,0.41280000,0.41060000,0.41190000,1164012.90000000,1725317999999,479103.74768000,6528,566234.20000000,233099.31329000,0
1725318000000,0.41180000,0.41290000,0.41040000,0.41080000,831327.90000000,1725321599999,342053.30361000,5442,403093.10000000,165833.16969000,0
1725321600000,0.41080000,0.41080000,0.40770000,0.40910000,1538033.60000000,1725325199999,629152.30567000,7729,955918.00000000,390988.00399000,0
1725325200000,0.40910000,0.41000000,0.40750000,0.40990000,1509321.80000000,1725328799999,617380.27343000,6860,971518.20000000,397473.00641000,0
1725328800000,0.40990000,0.41500000,0.40940000,0.40960000,5616988.40000000,1725332399999,2312029.71416000,20878,3536593.80000000,1455669.35765000,0
1725332400000,0.40960000,0.41090000,0.40910000,0.41040000,2795514.60000000,1725335999999,1145791.80367000,13293,1643283.60000000,673468.22446000,0
1725336000000,0.41030000,0.41210000,0.40940000,0.41060000,2353059.70000000,1725339599999,966220.47607000,9256,1284877.70000000,527648.85307000,0
1725339600000,0.41060000,0.41280000,0.40980000,0.41280000,2711527.20000000,1725343199999,1116007.17579000,8981,1463831.60000000,602297.42919000,0
1725343200000,0.41270000,0.41270000,0.40990000,0.41020000,3908336.60000000,1725346799999,1606040.79014000,9412,1750067.00000000,718962.97846000,0
1725346800000,0.41020000,0.41290000,0.40990000,0.41260000,2522463.00000000,1725350399999,1037394.51165000,8867,1335579.60000000,549165.85944000,0
1725350400000,0.41270000,0.41280000,0.40590000,0.40710000,3553273.70000000,1725353999999,1455951.15827000,11358,1881215.40000000,770752.56503000,0
1725354000000,0.40700000,0.40890000,0.40570000,0.40730000,2257123.70000000,1725357599999,918353.10806000,6492,1281501.80000000,521459.94799000,0
1725357600000,0.40730000,0.40990000,0.40730000,0.40850000,1589358.40000000,1725361199999,649830.98681000,5066,967109.70000000,395431.26755000,0
1725361200000,0.40850000,0.41070000,0.40740000,0.40790000,3993047.20000000,1725364799999,1632543.16994000,4329,1954157.00000000,799047.70007000,0
1725364800000,0.40800000,0.40950000,0.40670000,0.40700000,2567495.70000000,1725368399999,1047921.87064000,4570,1325127.10000000,540822.29735000,0
1725368400000,0.40700000,0.40870000,0.39980000,0.40270000,5813575.80000000,1725371999999,2349071.57778000,10524,2391455.40000000,966407.49581000,0
1725372000000,0.40270000,0.40890000,0.40020000,0.40730000,6791408.30000000,1725375599999,2745229.67065000,11092,3331355.70000000,1346632.03302000,0
1725375600000,0.40740000,0.41270000,0.40410000,0.40580000,8566154.10000000,1725379199999,3497483.11982000,10462,4307899.20000000,1758629.69414000,0
1725379200000,0.40580000,0.40720000,0.39960000,0.40160000,6055426.30000000,1725382799999,2442363.04996000,6498,2674630.30000000,1079393.27739000,0
1725382800000,0.40150000,0.40450000,0.40010000,0.40020000,1860420.10000000,1725386399999,748950.85287000,3272,836413.90000000,336797.15672000,0
1725386400000,0.40030000,0.40320000,0.39820000,0.40240000,1179128.20000000,1725389999999,472503.91303000,2155,687391.30000000,275594.56260000,0
1725390000000,0.40240000,0.40500000,0.40140000,0.40310000,1723030.20000000,1725393599999,694624.33819000,2569,840251.70000000,338692.46108000,0
1725393600000,0.40320000,0.40580000,0.40250000,0.40530000,2705997.50000000,1725397199999,1094836.43136000,3429,1523081.00000000,616200.31035000,0
1725397200000,0.40530000,0.40590000,0.40150000,0.40270000,4303860.80000000,1725400799999,1737195.89347000,3979,2541309.60000000,1025479.34748000,0
1725400800000,0.40270000,0.40370000,0.40100000,0.40100000,1974881.20000000,1725404399999,794625.15591000,1850,1047575.70000000,421486.77157000,0
1725404400000,0.40100000,0.40140000,0.39650000,0.39780000,2724758.60000000,1725407999999,1087297.18568000,2472,1433865.80000000,572026.53935000,0
1725408000000,0.39780000,0.40030000,0.39240000,0.39320000,7366724.00000000,1725411599999,2928888.58031000,4684,3792314.90000000,1507272.69999000,0
1725411600000,0.39320000,0.39330000,0.37810000,0.39060000,11351180.50000000,1725415199999,4375324.67209000,12325,5696612.50000000,2196974.72860000,0
1725415200000,0.39070000,0.39230000,0.38880000,0.39040000,3301150.50000000,1725418799999,1289618.46922000,3276,1540093.80000000,601540.40918000,0
1725418800000,0.39040000,0.39220000,0.38860000,0.38930000,4201352.00000000,1725422399999,1638781.38204000,4431,2274407.20000000,887272.16186000,0
1725422400000,0.38930000,0.39060000,0.38770000,0.38840000,2974098.40000000,1725425999999,1156686.26476000,3048,1552725.20000000,604044.83273000,0
1725426000000,0.38830000,0.39060000,0.38390000,0.38450000,3653432.00000000,1725429599999,1415241.34170000,4118,1691394.60000000,655148.99055000,0
1725429600000,0.38440000,0.39070000,0.38430000,0.38960000,4728539.10000000,1725433199999,1831748.07166000,5830,2111138.40000000,818207.37453000,0
1725433200000,0.38960000,0.39300000,0.38900000,0.38960000,3444939.00000000,1725436799999,1346118.38504000,5905,2181087.50000000,852395.66086000,0
1725436800000,0.38950000,0.38950000,0.37450000,0.38090000,28254220.20000000,1725440399999,10735878.74147000,39640,14776869.80000000,5612384.93383000,0
1725440400000,0.38080000,0.38140000,0.35000000,0.37440000,24041540.00000000,1725443999999,8876615.10445000,39128,9472907.20000000,3499880.51895000,0
1725444000000,0.37430000,0.37430000,0.36810000,0.36810000,7111559.60000000,1725447599999,2632118.43564000,12634,3160508.30000000,1169936.23867000,0
1725447600000,0.36810000,0.37450000,0.36720000,0.37380000,4331231.40000000,1725451199999,1604795.66943000,9660,2696805.10000000,998698.33439000,0
1725451200000,0.37380000,0.37690000,0.37380000,0.37530000,2790923.60000000,1725454799999,1047948.06576000,5156,1465407.30000000,550209.48039000,0
1725454800000,0.37530000,0.37640000,0.37140000,0.37480000,3635343.00000000,1725458399999,1359212.83637000,6469,2099858.00000000,785004.57728000,0
1725458400000,0.37470000,0.38420000,0.37330000,0.38390000,4395100.90000000,1725461999999,1660125.95991000,8710,2443519.10000000,922975.69087000,0
1725462000000,0.38380000,0.38500000,0.38140000,0.38450000,3584852.20000000,1725465599999,1375906.99748000,6844,2160492.70000000,829455.13309000,0
1725465600000,0.38470000,0.39210000,0.38060000,0.39070000,7607843.70000000,1725469199999,2940083.99875000,9760,5014080.90000000,1937053.99919000,0
1725469200000,0.39070000,0.39070000,0.38270000,0.38340000,3422711.40000000,1725472799999,1323467.41385000,8065,1749099.80000000,676412.30914000,0
1725472800000,0.38330000,0.38380000,0.38050000,0.38050000,975969.80000000,1725476399999,372954.02589000,3485,435221.20000000,166371.72407000,0
1725476400000,0.38060000,0.38180000,0.37990000,0.38160000,836833.20000000,1725479999999,318601.91086000,2953,372448.90000000,141800.65855000,0
1725480000000,0.38160000,0.38270000,0.37950000,0.38080000,2073855.30000000,1725483599999,789709.00656000,6123,1021681.70000000,389099.34136000,0
1725483600000,0.38080000,0.38390000,0.37910000,0.38330000,983024.30000000,1725487199999,374531.59105000,2880,450775.40000000,171752.83733000,0
1725487200000,0.38330000,0.38460000,0.38120000,0.38200000,1426412.40000000,1725490799999,546111.39093000,3219,783018.50000000,299656.37873000,0
1725490800000,0.38200000,0.38220000,0.38020000,0.38140000,1191484.70000000,1725494399999,454249.14037000,1792,838617.20000000,319736.69029000,0
1725494400000,0.38140000,0.38260000,0.37890000,0.38040000,2052108.80000000,1725497999999,782153.75776000,3232,1108966.00000000,422693.51065000,0
1725498000000,0.38040000,0.38560000,0.38030000,0.38390000,2032426.80000000,1725501599999,779405.88756000,4171,1122142.00000000,430257.86542000,0
1725501600000,0.38400000,0.38790000,0.37890000,0.38240000,2718040.80000000,1725505199999,1043116.86195000,4161,1285021.90000000,493541.04632000,0
1725505200000,0.38240000,0.38240000,0.37590000,0.37630000,1842467.30000000,1725508799999,697703.24051000,4199,653788.00000000,247551.98137000,0
1725508800000,0.37620000,0.37880000,0.37560000,0.37800000,904345.70000000,1725512399999,341183.45306000,2451,576443.90000000,217500.01737000,0
1725512400000,0.37800000,0.37840000,0.37570000,0.37610000,578211.80000000,1725515999999,217860.41255000,1417,346358.90000000,130462.95365000,0
1725516000000,0.37610000,0.37630000,0.37230000,0.37410000,1551102.50000000,1725519599999,580533.62043000,3318,664454.50000000,248588.72132000,0
1725519600000,0.37400000,0.37880000,0.37370000,0.37660000,2639502.90000000,1725523199999,994324.77989000,5021,1370444.90000000,516273.54170000,0
1725523200000,0.37660000,0.37690000,0.37440000,0.37480000,1105410.60000000,1725526799999,414803.40425000,2143,433553.90000000,162729.14278000,0
1725526800000,0.37480000,0.37900000,0.37440000,0.37900000,1538853.40000000,1725530399999,578352.79626000,3825,671541.60000000,252496.50215000,0
1725530400000,0.37900000,0.38540000,0.37900000,0.38010000,2046958.10000000,1725533999999,782244.18695000,5009,862221.80000000,329472.38255000,0
1725534000000,0.38010000,0.38030000,0.36370000,0.36640000,9291895.40000000,1725537599999,3445293.77352000,21354,3028153.30000000,1121903.14068000,0
1725537600000,0.36640000,0.36900000,0.36200000,0.36820000,5442236.50000000,1725541199999,1988671.13184000,15582,2382596.50000000,870827.19572000,0
1725541200000,0.36820000,0.37600000,0.36770000,0.37470000,3121212.80000000,1725544799999,1163195.87587000,7992,1796368.80000000,669635.88713000,0
1725544800000,0.37480000,0.37630000,0.36840000,0.37370000,3127188.50000000,1725548399999,1165788.46551000,5418,1390241.40000000,518158.93393000,0
1725548400000,0.37350000,0.37390000,0.36810000,0.36910000,2307759.10000000,1725551999999,855384.96701000,3390,925494.70000000,342973.61653000,0
1725552000000,0.36910000,0.37060000,0.36620000,0.36760000,1065987.30000000,1725555599999,392626.98841000,3512,583755.30000000,214914.74326000,0
1725555600000,0.36750000,0.37020000,0.36670000,0.36970000,1315093.10000000,1725559199999,484561.85772000,3288,759936.20000000,279964.79858000,0
1725559200000,0.36970000,0.37000000,0.36720000,0.36870000,995620.60000000,1725562799999,366645.48693000,2386,625310.00000000,230181.57141000,0
1725562800000,0.36870000,0.37090000,0.36620000,0.36750000,1288761.20000000,1725566399999,473526.68919000,3314,438207.20000000,161085.43555000,0
1725566400000,0.36750000,0.36940000,0.36650000,0.36780000,946380.60000000,1725569999999,348173.31145000,1771,434406.50000000,159822.25403000,0
1725570000000,0.36780000,0.37040000,0.36710000,0.36880000,619479.40000000,1725573599999,228402.07470000,1688,268937.70000000,99132.40653000,0
1725573600000,0.36880000,0.37210000,0.36770000,0.37200000,1087298.60000000,1725577199999,401568.62913000,1938,521847.50000000,192720.70055000,0
1725577200000,0.37210000,0.37210000,0.36730000,0.36850000,1729024.80000000,1725580799999,638087.43269000,2616,814390.80000000,300374.18049000,0
1725580800000,0.36860000,0.36910000,0.36250000,0.36760000,1623044.80000000,1725584399999,593748.97969000,4073,736825.20000000,269464.17949000,0
1725584400000,0.36750000,0.36940000,0.36370000,0.36840000,2558638.00000000,1725587999999,938266.78519000,3718,1255661.30000000,460321.92787000,0
1725588000000,0.36830000,0.37180000,0.36760000,0.37030000,1140330.20000000,1725591599999,421966.64723000,2022,590976.60000000,218630.00484000,0
1725591600000,0.37030000,0.37400000,0.37000000,0.37030000,1288569.10000000,1725595199999,479787.92774000,2314,590468.70000000,219742.56080000,0
1725595200000,0.37020000,0.37470000,0.37000000,0.37150000,2077503.00000000,1725598799999,772525.48257000,4001,1123454.60000000,417682.05134000,0
1725598800000,0.37150000,0.37260000,0.37000000,0.37190000,1186629.20000000,1725602399999,440473.32860000,2561,655149.20000000,243097.88962000,0
1725602400000,0.37200000,0.37300000,0.37090000,0.37190000,1182281.70000000,1725605999999,439645.99726000,2935,612913.60000000,227898.52926000,0
1725606000000,0.37180000,0.37250000,0.36960000,0.37010000,2806745.60000000,1725609599999,1039212.52738000,4303,897916.60000000,332714.99977000,0
1725609600000,0.37000000,0.37170000,0.36950000,0.36950000,1105525.00000000,1725613199999,409253.77840000,1961,419236.10000000,155293.35501000,0
1725613200000,0.36960000,0.37250000,0.36930000,0.36960000,2229204.10000000,1725616799999,825071.33113000,3061,1144099.40000000,423597.93052000,0
1725616800000,0.36960000,0.37140000,0.36940000,0.37020000,1192319.60000000,1725620399999,441462.03780000,2517,720718.30000000,266754.73134000,0
1725620400000,0.37030000,0.37080000,0.36990000,0.37050000,610983.70000000,1725623999999,226274.97374000,1843,306379.80000000,113473.34439000,0
1725624000000,0.37060000,0.37920000,0.36930000,0.37800000,3004331.20000000,1725627599999,1121071.64586000,6787,1548151.50000000,577573.96174000,0
1725627600000,0.37800000,0.37940000,0.37040000,0.37070000,3449641.20000000,1725631199999,1293166.58639000,7474,1657218.70000000,620761.38825000,0
1725631200000,0.37070000,0.37330000,0.36500000,0.36840000,3227359.20000000,1725634799999,1189018.36185000,6105,1488855.50000000,548235.31524000,0
1725634800000,0.36850000,0.37160000,0.36290000,0.36630000,2852031.60000000,1725638399999,1044376.74824000,4429,1452432.30000000,531337.57722000,0
1725638400000,0.36610000,0.36860000,0.36230000,0.36750000,2475091.90000000,1725641999999,904533.62497000,3803,1073912.90000000,392191.95131000,0
1725642000000,0.36750000,0.36870000,0.36330000,0.36470000,1513929.10000000,1725645599999,554252.18400000,2563,762927.10000000,279364.13945000,0
1725645600000,0.36470000,0.36570000,0.36010000,0.36040000,1741215.50000000,1725649199999,632030.62662000,2966,782372.40000000,283955.18932000,0
1725649200000,0.36020000,0.36450000,0.36010000,0.36260000,1889821.70000000,1725652799999,683982.30093000,3173,956257.20000000,345828.88474000,0
1725652800000,0.36240000,0.36340000,0.35950000,0.35960000,2466407.90000000,1725656399999,888872.97732000,3081,723691.60000000,260957.47032000,0
1725656400000,0.35970000,0.36530000,0.35050000,0.36520000,2322145.80000000,1725659999999,834338.17431000,4234,895848.70000000,322357.10526000,0
1725660000000,0.36520000,0.36530000,0.36260000,0.36260000,1011741.20000000,1725663599999,368872.53681000,1727,358479.60000000,130723.96014000,0
1725663600000,0.36270000,0.36630000,0.36140000,0.36590000,709168.90000000,1725667199999,258173.58913000,1433,330035.00000000,120051.94718000,0
1725667200000,0.36600000,0.36800000,0.36430000,0.36600000,998084.00000000,1725670799999,365391.97717000,1899,422739.90000000,154688.92272000,0
1725670800000,0.36610000,0.36720000,0.36570000,0.36660000,478857.00000000,1725674399999,175443.04634000,1153,196737.60000000,72072.61770000,0
1725674400000,0.36660000,0.36680000,0.36450000,0.36510000,544833.10000000,1725677999999,199216.18270000,990,241811.70000000,88401.69321000,0
1725678000000,0.36510000,0.36760000,0.36500000,0.36760000,392242.80000000,1725681599999,143864.75319000,1098,147019.90000000,53922.09982000,0
1725681600000,0.36750000,0.36920000,0.36730000,0.36910000,530011.20000000,1725685199999,194926.18028000,957,202970.90000000,74665.71817000,0
1725685200000,0.36910000,0.37500000,0.36910000,0.37320000,1288600.30000000,1725688799999,480256.86198000,2583,612386.20000000,228147.73740000,0
1725688800000,0.37330000,0.37530000,0.37280000,0.37430000,1357214.20000000,1725692399999,507883.49587000,2326,680707.20000000,254864.54563000,0
1725692400000,0.37440000,0.37590000,0.37350000,0.37510000,868833.00000000,1725695999999,325614.01595000,1884,386364.00000000,144795.50600000,0
1725696000000,0.37520000,0.37580000,0.37410000,0.37480000,1050010.70000000,1725699599999,393711.45683000,1757,569021.40000000,213366.03276000,0
1725699600000,0.37490000,0.37510000,0.37090000,0.37210000,1498836.30000000,1725703199999,559689.52715000,2052,559951.50000000,208984.88786000,0
1725703200000,0.37210000,0.37360000,0.37210000,0.37250000,436365.70000000,1725706799999,162677.78574000,1072,187874.60000000,70035.90901000,0
1725706800000,0.37260000,0.37420000,0.37240000,0.37360000,576428.20000000,1725710399999,215263.77013000,1307,245181.80000000,91556.86923000,0
1725710400000,0.37360000,0.37480000,0.37340000,0.37410000,690337.80000000,1725713999999,258138.66678000,1328,324439.70000000,121313.93496000,0
1725714000000,0.37420000,0.37470000,0.37300000,0.37400000,674637.30000000,1725717599999,252302.09835000,1527,308775.10000000,115468.35327000,0
1725717600000,0.37410000,0.37500000,0.37320000,0.37490000,793519.20000000,1725721199999,296723.68963000,1860,395204.80000000,147791.08233000,0
1725721200000,0.37490000,0.37640000,0.37380000,0.37570000,1411022.00000000,1725724799999,529557.52379000,2427,740849.70000000,278051.70250000,0
1725724800000,0.37560000,0.37590000,0.37340000,0.37380000,640877.10000000,1725728399999,240192.18386000,1760,235179.00000000,88145.49432000,0
1725728400000,0.37390000,0.37440000,0.37070000,0.37180000,687876.70000000,1725731999999,256421.27516000,2256,221609.50000000,82593.19362000,0
1725732000000,0.37190000,0.37320000,0.37090000,0.37220000,674430.40000000,1725735599999,250887.88737000,1525,427200.80000000,158913.87911000,0
1725735600000,0.37220000,0.37390000,0.37210000,0.37320000,449944.30000000,1725739199999,167903.54147000,1468,328454.10000000,122567.65861000,0
1725739200000,0.37310000,0.37350000,0.37040000,0.37070000,845049.40000000,1725742799999,314343.34458000,1631,426293.50000000,158580.89348000,0
1725742800000,0.37070000,0.37070000,0.36910000,0.36960000,527993.20000000,1725746399999,195232.88808000,1497,310439.10000000,114777.17250000,0
1725746400000,0.36960000,0.37030000,0.36790000,0.36820000,864446.80000000,1725749999999,318759.61706000,1746,431148.60000000,158989.07651000,0
1725750000000,0.36810000,0.36950000,0.36730000,0.36950000,394959.90000000,1725753599999,145521.73760000,826,232478.30000000,85678.01124000,0
1725753600000,0.36950000,0.36980000,0.36850000,0.36920000,452857.40000000,1725757199999,167154.60473000,1015,214421.70000000,79131.92206000,0
1725757200000,0.36910000,0.37030000,0.36870000,0.37000000,501029.50000000,1725760799999,185240.90576000,1129,298256.40000000,110276.81406000,0
1725760800000,0.36990000,0.37130000,0.36980000,0.37080000,407492.10000000,1725764399999,150981.68319000,983,259277.80000000,96054.55125000,0
1725764400000,0.37080000,0.37160000,0.37060000,0.37160000,328919.80000000,1725767999999,122092.98076000,893,177978.00000000,66060.72901000,0
1725768000000,0.37160000,0.37350000,0.37130000,0.37310000,608006.20000000,1725771599999,226344.48116000,1070,282595.80000000,105218.92871000,0
1725771600000,0.37300000,0.37310000,0.37130000,0.37140000,499579.50000000,1725775199999,186001.39362000,1128,181068.70000000,67437.86033000,0
1725775200000,0.37140000,0.37300000,0.37130000,0.37240000,1204703.80000000,1725778799999,448533.09679000,1901,642563.10000000,239239.11386000,0
1725778800000,0.37240000,0.37350000,0.37220000,0.37330000,926354.20000000,1725782399999,345417.83964000,1434,594688.50000000,221753.57296000,0
1725782400000,0.37330000,0.37350000,0.37220000,0.37320000,614316.60000000,1725785999999,229022.79585000,1218,318571.80000000,118760.95272000,0
1725786000000,0.37320000,0.37550000,0.37310000,0.37430000,1418710.10000000,1725789599999,531427.27976000,2065,494217.70000000,185098.78324000,0
1725789600000,0.37430000,0.37570000,0.37430000,0.37530000,450601.50000000,1725793199999,168992.05989000,1091,266597.80000000,99986.35838000,0
1725793200000,0.37530000,0.37550000,0.37400000,0.37420000,430505.60000000,1725796799999,161366.69553000,1086,156973.80000000,58829.50137000,0
1725796800000,0.37410000,0.37550000,0.37020000,0.37090000,2613712.10000000,1725800399999,973417.41761000,5060,1308964.10000000,487619.94436000,0
1725800400000,0.37100000,0.37270000,0.36950000,0.37200000,2511072.70000000,1725803999999,931515.76504000,6265,1227719.30000000,455470.73251000,0
1725804000000,0.37200000,0.37230000,0.36950000,0.36990000,1532494.60000000,1725807599999,568151.30354000,3741,742120.20000000,275072.20755000,0
1725807600000,0.37000000,0.37050000,0.36790000,0.36820000,1633656.20000000,1725811199999,602850.89957000,3717,813198.60000000,300127.84831000,0
1725811200000,0.36820000,0.37480000,0.36730000,0.36910000,2597484.40000000,1725814799999,957690.33914000,4555,1514541.50000000,558781.37106000,0
1725814800000,0.36910000,0.37560000,0.36910000,0.37460000,1447731.00000000,1725818399999,538922.84810000,3439,829346.00000000,308846.42073000,0
1725818400000,0.37460000,0.37470000,0.37290000,0.37320000,699607.80000000,1725821999999,261607.73169000,1707,321460.60000000,120205.01075000,0
1725822000000,0.37330000,0.37470000,0.37300000,0.37390000,967307.90000000,1725825599999,361703.20767000,2304,629817.50000000,235505.75426000,0
1725825600000,0.37400000,0.37450000,0.37320000,0.37430000,440122.30000000,1725829199999,164464.17450000,1329,208752.40000000,78003.43129000,0
1725829200000,0.37430000,0.37640000,0.37430000,0.37490000,865742.30000000,1725832799999,325035.51987000,2173,472471.00000000,177378.86688000,0
1725832800000,0.37500000,0.37990000,0.37390000,0.37530000,2768467.60000000,1725836399999,1044257.44612000,9367,1446574.30000000,545528.33011000,0
1725836400000,0.37520000,0.37680000,0.37480000,0.37570000,2336352.00000000,1725839999999,877955.59506000,5877,1071356.90000000,402620.85271000,0
1725840000000,0.37580000,0.37780000,0.37520000,0.37750000,1285779.20000000,1725843599999,484047.88215000,3292,595174.30000000,224177.31255000,0
1725843600000,0.37770000,0.37890000,0.37620000,0.37780000,2200654.30000000,1725847199999,831292.23173000,4630,1063006.20000000,401608.16979000,0
1725847200000,0.37780000,0.37790000,0.37510000,0.37650000,1172917.80000000,1725850799999,441731.27815000,3628,606848.10000000,228537.23515000,0
1725850800000,0.37660000,0.37700000,0.37340000,0.37550000,1674588.80000000,1725854399999,628771.57098000,5570,795373.50000000,298599.35602000,0
1725854400000,0.37550000,0.37600000,0.37420000,0.37540000,871913.60000000,1725857999999,327074.54103000,2891,430106.10000000,161321.45044000,0
1725858000000,0.37530000,0.37540000,0.37140000,0.37300000,2030190.00000000,1725861599999,758831.27581000,5631,1022147.20000000,382107.76635000,0
1725861600000,0.37300000,0.37500000,0.37280000,0.37480000,1663339.30000000,1725865199999,621836.17958000,3913,939241.70000000,351147.25925000,0
1725865200000,0.37500000,0.37760000,0.37370000,0.37660000,2403173.10000000,1725868799999,902180.00567000,5460,1202329.40000000,451436.77810000,0
1725868800000,0.37670000,0.37930000,0.37660000,0.37840000,2891927.00000000,1725872399999,1093177.73533000,6910,1567845.30000000,592735.25021000,0
1725872400000,0.37840000,0.37970000,0.37650000,0.37700000,2946090.50000000,1725875999999,1114670.83244000,6863,1208188.80000000,457148.76279000,0
1725876000000,0.37700000,0.37820000,0.37640000,0.37710000,1576568.60000000,1725879599999,595273.29221000,3913,735856.90000000,277862.50236000,0
1725879600000,0.37710000,0.37720000,0.37570000,0.37600000,1549706.70000000,1725883199999,583145.12141000,4931,879372.80000000,330907.78138000,0
1725883200000,0.37610000,0.37660000,0.37430000,0.37640000,1473037.70000000,1725886799999,553186.15746000,4207,648716.70000000,243628.33980000,0
1725886800000,0.37640000,0.37730000,0.37490000,0.37700000,2273346.30000000,1725890399999,854110.97115000,7193,1116146.00000000,419403.62026000,0
1725890400000,0.37690000,0.37720000,0.37210000,0.37220000,3145541.50000000,1725893999999,1177604.14366000,9088,1321618.40000000,494489.51213000,0
1725894000000,0.37220000,0.37470000,0.37210000,0.37380000,1880572.80000000,1725897599999,702558.20832000,5330,1033186.50000000,386067.81777000,0
1725897600000,0.37380000,0.38500000,0.37360000,0.38220000,6056263.70000000,1725901199999,2297365.59899000,15674,3198588.60000000,1213502.74307000,0
1725901200000,0.38230000,0.38570000,0.38060000,0.38210000,3487087.80000000,1725904799999,1336668.03720000,5529,1690472.30000000,647980.76468000,0
1725904800000,0.38220000,0.38380000,0.38050000,0.38140000,2031623.80000000,1725908399999,776785.59639000,2648,1172360.10000000,448263.37392000,0
1725908400000,0.38140000,0.38450000,0.38100000,0.38330000,2813725.20000000,1725911999999,1075891.72998000,2635,1451633.80000000,555217.10627000,0
1725912000000,0.38330000,0.38350000,0.38150000,0.38210000,1679735.60000000,1725915599999,642080.00972000,2307,748504.10000000,286150.65132000,0
1725915600000,0.38200000,0.38470000,0.38060000,0.38420000,4028472.30000000,1725919199999,1546696.78320000,3379,2732735.50000000,1049576.81723000,0
1725919200000,0.38430000,0.38470000,0.38290000,0.38290000,1167356.50000000,1725922799999,448130.89381000,1720,471621.60000000,181105.49473000,0
1725922800000,0.38290000,0.38360000,0.38200000,0.38220000,896007.50000000,1725926399999,343074.39862000,1485,504744.90000000,193286.30596000,0
1725926400000,0.38210000,0.38260000,0.37780000,0.38080000,1519919.10000000,1725929999999,578576.30710000,2403,713136.70000000,271355.76203000,0
1725930000000,0.38080000,0.38080000,0.37740000,0.37930000,2121805.90000000,1725933599999,804558.60230000,2842,1016006.20000000,385270.68345000,0
1725933600000,0.37930000,0.37970000,0.37800000,0.37940000,810854.60000000,1725937199999,307188.94133000,1250,381726.30000000,144589.80551000,0
